{
    "objects": [{
        "type": "group",
        "originX": "center",
        "originY": "center",
        "left": -5,
        "top": -5,
        "width": 883.67,
        "height": 1,
        "fill": "rgb(0,0,0)",
        "stroke": null,
        "strokeWidth": 0,
        "strokeDashArray": null,
        "strokeLineCap": "butt",
        "strokeLineJoin": "miter",
        "strokeMiterLimit": 10,
        "scaleX": 1,
        "scaleY": 1,
        "angle": 0,
        "flipX": false,
        "flipY": false,
        "opacity": 1,
        "shadow": null,
        "visible": true,
        "clipTo": null,
        "backgroundColor": "",
        "fillRule": "nonzero",
        "globalCompositeOperation": "source-over",
        "transformMatrix": null,
        "skewX": 0,
        "skewY": 0,
        "id": "removeOnInitialize",
        "hide": true,
        "subTargetCheck": false,
        "oCoords": {
            "tl": {
                "x": -446.8333333333333,
                "y": -5.5,
                "corner": {
                    "tl": {
                        "x": -453.3333261523633,
                        "y": -11.999992819030034
                    },
                    "tr": {
                        "x": -440.3333405143033,
                        "y": -11.999992819030034
                    },
                    "bl": {
                        "x": -453.3333261523633,
                        "y": 0.9999928190300329
                    },
                    "br": {
                        "x": -440.3333405143033,
                        "y": 0.9999928190300338
                    }
                }
            },
            "tr": {
                "x": 436.8333333333333,
                "y": -5.5,
                "corner": {
                    "tl": {
                        "x": 430.3333405143033,
                        "y": -11.999992819030034
                    },
                    "tr": {
                        "x": 443.3333261523633,
                        "y": -11.999992819030034
                    },
                    "bl": {
                        "x": 430.3333405143033,
                        "y": 0.9999928190300329
                    },
                    "br": {
                        "x": 443.3333261523633,
                        "y": 0.9999928190300338
                    }
                }
            },
            "br": {
                "x": 436.8333333333333,
                "y": -4.5,
                "corner": {
                    "tl": {
                        "x": 430.3333405143033,
                        "y": -10.999992819030034
                    },
                    "tr": {
                        "x": 443.3333261523633,
                        "y": -10.999992819030034
                    },
                    "bl": {
                        "x": 430.3333405143033,
                        "y": 1.999992819030033
                    },
                    "br": {
                        "x": 443.3333261523633,
                        "y": 1.9999928190300338
                    }
                }
            },
            "bl": {
                "x": -446.8333333333333,
                "y": -4.5,
                "corner": {
                    "tl": {
                        "x": -453.3333261523633,
                        "y": -10.999992819030034
                    },
                    "tr": {
                        "x": -440.3333405143033,
                        "y": -10.999992819030034
                    },
                    "bl": {
                        "x": -453.3333261523633,
                        "y": 1.999992819030033
                    },
                    "br": {
                        "x": -440.3333405143033,
                        "y": 1.9999928190300338
                    }
                }
            },
            "ml": {
                "x": -446.8333333333333,
                "y": -5,
                "corner": {
                    "tl": {
                        "x": -453.3333261523633,
                        "y": -11.499992819030034
                    },
                    "tr": {
                        "x": -440.3333405143033,
                        "y": -11.499992819030034
                    },
                    "bl": {
                        "x": -453.3333261523633,
                        "y": 1.499992819030033
                    },
                    "br": {
                        "x": -440.3333405143033,
                        "y": 1.4999928190300338
                    }
                }
            },
            "mt": {
                "x": -5,
                "y": -5.5,
                "corner": {
                    "tl": {
                        "x": -11.499992819030034,
                        "y": -11.999992819030034
                    },
                    "tr": {
                        "x": 1.4999928190300338,
                        "y": -11.999992819030034
                    },
                    "bl": {
                        "x": -11.499992819030034,
                        "y": 0.9999928190300329
                    },
                    "br": {
                        "x": 1.499992819030033,
                        "y": 0.9999928190300338
                    }
                }
            },
            "mr": {
                "x": 436.8333333333333,
                "y": -5,
                "corner": {
                    "tl": {
                        "x": 430.3333405143033,
                        "y": -11.499992819030034
                    },
                    "tr": {
                        "x": 443.3333261523633,
                        "y": -11.499992819030034
                    },
                    "bl": {
                        "x": 430.3333405143033,
                        "y": 1.499992819030033
                    },
                    "br": {
                        "x": 443.3333261523633,
                        "y": 1.4999928190300338
                    }
                }
            },
            "mb": {
                "x": -5,
                "y": -4.5,
                "corner": {
                    "tl": {
                        "x": -11.499992819030034,
                        "y": -10.999992819030034
                    },
                    "tr": {
                        "x": 1.4999928190300338,
                        "y": -10.999992819030034
                    },
                    "bl": {
                        "x": -11.499992819030034,
                        "y": 1.999992819030033
                    },
                    "br": {
                        "x": 1.499992819030033,
                        "y": 1.9999928190300338
                    }
                }
            },
            "mtr": {
                "x": -5,
                "y": -45.5,
                "corner": {
                    "tl": {
                        "x": -11.499992819030034,
                        "y": -51.999992819030034
                    },
                    "tr": {
                        "x": 1.4999928190300338,
                        "y": -51.999992819030034
                    },
                    "bl": {
                        "x": -11.499992819030034,
                        "y": -39.000007180969966
                    },
                    "br": {
                        "x": 1.499992819030033,
                        "y": -39.000007180969966
                    }
                }
            }
        },
        "objects": [{
            "type": "line",
            "originX": "center",
            "originY": "center",
            "left": 0,
            "top": 0,
            "width": 883.67,
            "height": 0,
            "fill": "rgb(0,0,0)",
            "strokeWidth": 1,
            "strokeDashArray": null,
            "strokeLineCap": "butt",
            "strokeLineJoin": "miter",
            "strokeMiterLimit": 10,
            "scaleX": 1,